title,author,hot
虎牙只有一个象，大象,大鱼-韩安旭,131.4万
虎牙只有一个象，大象！,AzZ丶沐莹莹【2511】,109.9万
虎牙只有一个象 就是大象,YZ丶宇文泡儿【824】,281.0万
祝：6哥生日快乐,时代-骚俊【523圣帝】,228.6万
背景板主播,Med丶菜菜,11.1万
人有悲欢离合 牛马点缀生活,小象-哈尼杨杨,14.1万
广州新主播~,正恒RM-奈一,4.7万
祝我小林林生日快乐,集梦冰淇淋,29.9万
有人疼才显得多么出众,沪娱-羨一【感恩】,11.4万
新主播一周求守护~,沪娱-贝儿,21.1万
来自南京的漂亮小姐姐,小象-金牛座,30.7万
虎牙劲舞团 2021陪你继续热舞~,虎牙劲舞团,140.5万
祝所有妈妈母亲节快乐~,集梦小小酥,15.8万
虎牙只有一个象 大象！,子龙-【黑龙军团】,207.2万
肥来辽  ~,沪娱-桃诗诗Venus,107.2万
一定是特别的缘分,正恒YJ豆豆【Princess】,29.2万
给孩子补补榜吧,小象-周周是欧尼,5.3万
祝6哥生日快乐！！！！,时代十三伊【211】,106.2万
我是一颗新主播~,沪娱-熹沫儿【感恩】,7.2万
美好的一天~,嘉易-Mia米娅,87.6万
盘腿唠一唠,音动-叶枫,4.2万
短发女生~,赢城-萱宝宝【尊师老王】,86.5万
無疚哥生日快乐,嘉映、彤彤,11.7万
粤语杨超越,沪娱-小66,83.8万
这里有个仙女耶,沧娱丶千洛【276】,82.8万
好无聊哇~,沪娱-简安【管安壹生】,80.6万
新人舞蹈主播,天奇-小奶香,4.3万
家人们，周年快乐！,嘉易-嘉欣【AA】,77.5万
一个奖杯3个蹲（福建）,JX-魔法小欣,13.3万
感谢嘿哥万元。虎牙只有一个大象,三金【噗噗】雨徒星徒,76.6万
血瓶 俯卧撑,宝藏梵,4.8万
祝自己生日快乐,集梦小林林,76.2万
差2本书升级~,沪娱-苏呆呆【奋斗】,11.4万
九点公会赛,书香、媛媛酱,75.0万
感谢我生活哥双十万榜！,华星-VIKI【生活】,73.6万
快来快来,帝儿【167】,72.4万
浙江人在深圳,小敏儿Carmon,72.4万
祝6哥生日快乐~只想亮个灯,时代-鱼大大【101】,71.4万
晚场·Two,晴小兔呢,70.6万
祝6哥生日快乐 天天开心,小如意【仔徒】,69.0万
祝六哥生日快乐！！,正恒、冷饮【许妹】,67.4万
下一站散心倒计时,小象-道爷,66.1万
野格野格野格野,Yz丶阿羊醒了,65.8万
干活了 干活了！,佰君丶美少女组合,65.5万
祝6哥生日快乐，天天开心,正恒、小琳琳吖,64.4万
6哥生日快乐,正恒YJ-蔓越莓,64.1万
今晚宰羊，炖兽,沪娱-M8,63.5万
晚上好~,小象-佳俊【910】,63.0万
11111111111111111,沪娱-锶棋小公举,62.4万
嘿嘿,颜色-雅雯,61.9万
【安徽】小姐姐在广场等你,沪娱-极品小师娘,59.8万
祝6哥生日快乐！天天开心,正恒-林阿兔,58.5万
你看我白吗,猫爪丶贝贝鸭,58.3万
虎牙只有一个象，那就是大象！感恩许,集梦西西【尊师寂寞】,58.1万
希望每天阳光明媚,沧娱丶小豹子,57.2万
没有标题,小象-白羊座,56.0万
祝大家永远快乐,华耀-小白,55.8万
我吹过你吹过的晚风,集梦尾巴【297】,54.8万
要亮了！,沪娱-锶怡小仙女,54.3万
等风也等你~,贝美拉【尊师老王】、578,53.2万
虎牙只有一个象，大象,中国蓝、莎啦啦富贵,52.3万
愿天下的母亲，母亲节快乐,小象-777,51.9万
今天不开心了,Yz丶十一,51.6万
还歌之路,李甜丶,51.2万
四倍快乐,秋老师阿,51.0万
第365天~,新星-九九,49.9万
今天的你打卡了么,佰君丶欢乐颂组合,49.7万
【南京】神魂颠岛,小象-徐子欣,49.4万
祝6哥生日快乐,正恒丶林恩,49.3万
感谢家人们助力让我标签赛胜出！,集梦董小白【董小姐】,48.6万
虎牙只有一个象，那就是大象,赵骏先生,48.5万
新公会首秀 感谢一路陪伴,迦音-王苹果,48.3万
感谢山海哥15六七个空头~~~,華人-酱子【HH】,48.1万
成都-祝全天下母亲 母亲节快乐,大千-雅蜜【道理】,48.1万
来自干饭人的世界,小象-666,47.9万
虎牙只有一个想象！大象！,沪娱-阿浪【新闻感恩】,47.0万
母亲节快乐！,煎饼PR-摩登范er,46.9万
南京新人小姐姐~,维斯-甜汤,46.8万
虎牙只有一个象 大象！感谢东洋哥升君王~,大千-阿涵,46.7万
急需千元榜！！,华耀-小熊baby,45.5万
四倍亲密回家升牌子啦~,集梦纯纯OvO,45.1万
给我个超粉好不好,e菲,45.0万
祝六哥生日快乐,沪娱-你的小a珂,44.9万
感谢我影子的年守 全世界最好的KK~,晴风-鲸落【517】,44.8万
高大威猛我礼物哥哥~,时代-王乐乐,44.7万
【唱歌】带病上岗。。,小象-钉钉【不期而遇】,44.7万
虎牙只有一个象 大象,MY-车老板,44.7万
【唱歌】一个唱歌的朋友,大千-ayoyo,44.7万
祝全天下妈妈们母亲节快乐！,【澳音】Honey-Girl女团,44.6万
没有大哥了 能看穿我的脆弱吗？,Yz丶OK,44.3万
【南京】我想成为你的偏爱,AzZ丶小艾琳,44.3万
美眉在这里哦,Yz丶李贝贝【好厉害】,43.7万
新人在线等大哥,沪娱-M7,43.5万
【江苏】舞蹈主播,智贤baby【512】,43.4万
你的眼睛 像星星,音动-曲奇呢,43.1万
虎牙只有一个象，那就是大象！,颜色-二狗子【帥弟】,42.7万
这个奇迹会持续多久？,百乐门女团,42.7万
有点甜~,沪娱-林晚晚,42.6万
【重庆】观音桥求偶遇求守护,久爱-冯可桔,42.4万
祝6哥生日快乐！！！,正恒、心娅,42.1万
祝福妈妈们健康常乐,集梦六六-【布徒】,41.6万
【东莞】新人舞蹈  感恩相遇,江南-沐雅,41.4万
超甜小布丁,MH、布丁【布公子】,41.3万
山东青岛新主播，有缘自会重逢！,娅迪【吃饱饱】,41.2万
泉眼无声惜细流。,沪娱-玉兔【1018】,41.1万
感谢我普济哥万元榜~,华星-金烟儿【烟馆】,40.7万
祝所有哥哥们的妈妈母亲节快乐,MF857,40.5万
看到横幅了呀,致尚-哈哈宝儿,40.4万
恭喜我哥喜提蓝管~,徐小埋Mia【628】,40.2万
长春小牛马来啦~,Hh-苏三儿,40.1万
【江西】唱歌很好看的主播~,小象-汐音,39.9万
感谢我绿水宝宝万元榜~,瑶池、沐小鱼,39.6万
虎牙只有一个象 就是大象,集梦啊LAN,39.6万
茫茫星河终点是你的身侧,心大-李桐蓁【蓁甜】,39.4万
祝伯母们天天开心,奇领喵帝,39.2万
准时的才艺主播,朴允烟【857】,39.2万
我们来啦！！！,小象-绝代佳人,39.2万
好久不见~,喵喵公举【玖】,39.0万
弹女孩的小古筝~,古筝琪儿,38.8万
唠唠嗑,书香丶十一,38.5万
